model,pr_auc,precision_at_top10pct,pr_auc_lift,p10_lift
naive_baseline,0.2805403288958496,0.2805403288958496,1.0,1.0
HGB,0.4564106962538887,0.5376712328767124,1.6268986995567785,1.916555936869677
RF,0.44826999306146675,0.5332681017612525,1.5978807568443631,1.9008607563129645
